Country, UserName, sentences#, tokens#
Australia,dexter311,80195,1185458
Australia,Dragon029,65921,2081656
Australia,Emperor_Mao,58840,1001152
Australia,jb2386,117535,1823234
Australia,JediCapitalist,67724,1094078
Australia,johnnynutman,84699,1119631
Australia,mrducky78,185685,3219858
Australia,OneSalientOversight,65923,1123030
Australia,SavannaJeff,92457,1772749
Australia,sellyme,65063,1337812
Australia,Zagorath,158876,3035305
Australia,Zouden,87115,1263994
Canada,bunglejerry,71928,1390511
Canada,captainhaddock,75092,1462301
Canada,diablo_man,100380,2063599
Canada,exasperation,75909,1514652
Canada,fernguts,106292,1572527
Canada,Galle_,202923,3591225
Canada,hedgecore77,65265,1027825
Canada,kent_eh,117015,1890332
Canada,lynnangel,75446,1198020
Canada,mikemcg,86511,1261397
Canada,Murgie,164608,3455861
Canada,mwmwmwmwmmdw,67659,1183106
Canada,n0ahbody,92529,1297919
Canada,nomofica,118463,1907714
Canada,PasswordIsntHAMSTER,57570,1006554
Canada,perogies,82168,1081166
Canada,phedre,150577,2502398
Canada,Pocahontas_Spaceman,105346,1507389
Canada,quelar,118863,2135283
Canada,Renner1,71765,1712728
Canada,Searocksandtrees,75090,1685597
Canada,smacksaw,566313,8553070
Canada,Spoonfeedme,79535,1495798
Canada,StraightTalkExpress,59084,1149058
Canada,themusicgod1,50466,1009254
Canada,TikiTDO,58012,1238498
Ireland,AtomicKoala,106223,1594814
Ireland,blorg,156604,3459739
Ireland,Bridgeru,41443,1105832
Ireland,CaisLaochach,121954,1775914
Ireland,Chive,54524,1035271
Ireland,collectiveindividual,61818,1058874
Ireland,conalfisher,53114,1020898
Ireland,Cyridius,76597,1368346
Ireland,eoinster,45494,1137091
Ireland,FlukyS,104209,2178249
Ireland,gavin19,91878,2113527
Ireland,GavinZac,75449,1334622
Ireland,grubas,157359,2390796
Ireland,LtLabcoat,74061,1415292
Ireland,NinjaDiscoJesus,152035,1546499
Ireland,OceanRacoon,60188,1276502
Ireland,ridik_ulass,60543,1463249
Ireland,sionnach,69125,1068579
Ireland,Spoonshape,50429,1056861
Ireland,Stormfly,83761,1341282
Ireland,the_straylight_run,93176,1717105
NewZealand,CosmicKeys,229437,6326155
NewZealand,My_usrname_of_choice,110217,1208507
NewZealand,Salt-Pile,68670,1449496
UK,5225225,96234,1405272
UK,ajehals,161933,4525753
UK,Aleitheo,115959,2412162
UK,alekzander01,143084,2182594
UK,alexgmcm,59465,1297736
UK,Amonette2012,60408,1122844
UK,andrew2209,55544,1045796
UK,apple_kicks,104835,1997214
UK,babydave371,60572,1276127
UK,banethesithari,53266,1275219
UK,BestFriendWatermelon,58420,1143123
UK,bobcobble,64951,1234105
UK,BonzoTheBoss,59666,1181576
UK,borez,109496,1958426
UK,bottomlines,116450,1611578
UK,brainburger,114918,1647287
UK,BritRedditor1,75123,1751036
UK,CaffeinatedT,65067,1441012
UK,Callduron,74249,1230456
UK,canyoufeelme,60119,1294448
UK,CaptainCupcakez,71005,1210033
UK,cb43569,55250,1069793
UK,cbfw86,105883,1411945
UK,chowieuk,63550,1102417
UK,chrisawhitmore,57772,1100995
UK,chrisjd,49796,1248422
UK,Clbull,166988,3377144
UK,clever_octopus,79411,1735239
UK,collinsl02,55741,1296806
UK,concretepigeon,82240,1352272
UK,cragglerock93,55120,1062289
UK,DaveChild,72612,1273675
UK,DEADB33F,82973,1745058
UK,demostravius,98381,1574493
UK,dibblah,60520,1127200
UK,Disgruntled__Goat,75214,1138461
UK,DougyAM,56849,1558178
UK,dpash,116023,1766630
UK,draw_it_now,74494,1152836
UK,Drunken_Economist,87239,1231440
UK,Ed__,85828,1332384
UK,erythro,128800,2424643
UK,Ewannnn,120569,2242250
UK,Frankeh,265786,3510963
UK,Ftumsh,68175,1060200
UK,GeeJo,133380,3043650
UK,Geosaurusrex,88853,1146677
UK,G_Morgan,506736,7226538
UK,GregorF92,71293,1297496
UK,grogipher,71171,1126604
UK,Halk,84364,1499178
UK,HarryBlessKnapp,123708,1445929
UK,Heaney555,120786,1993154
UK,Heknarf,200598,2614019
UK,hoffi_coffi,119710,2174833
UK,Honey-Badger,68372,1186524
UK,Honey_Otter,64159,1049150
UK,ieya404,76653,2077094
UK,inawordno,75397,1030468
UK,intangible-tangerine,49061,1183137
UK,IntellegentIdiot,90376,1584098
UK,ionised,95408,1342230
UK,Ivashkin,115713,2725388
UK,IVIaskerade,120293,2089069
UK,Jaraxo,94035,1761440
UK,jesse9o3,54211,1019647
UK,joethesaint,107855,1547154
UK,kingofeggsandwiches,92498,2145828
UK,Korlus,87926,2161221
UK,Kyoraki,84617,1448583
UK,ladfrombrad,65833,1449464
UK,letsgocrazy,106258,1867240
UK,lithaborn,57127,1034544
UK,LocutusOfBorges,152214,2722523
UK,Lolworth,128083,1610211
UK,lordolxinator,62558,1462488
UK,michaelnoir,101866,1865455
UK,Miserygut,61588,1035246
UK,MMSTINGRAY,133677,2820419
UK,mojojo42,52535,1271509
UK,muyuu,86669,1340721
UK,naryn,181786,3769509
UK,NEWSBOT3,80108,1434883
UK,NickTM,85467,1490600
UK,oh_no_aliens,90283,1213196
UK,OptimalCynic,73114,1104235
UK,OrbitalPete,54499,1048805
UK,Orsenfelt,60956,1121969
UK,peter_j_,56443,1174295
UK,pickled-egg,57685,1017549
UK,PoachTWC,55583,1212447
UK,Popeychops,65288,1060206
UK,potpan0,88403,1859262
UK,Quietuus,83312,2111635
UK,Rather_Unfortunate,51123,1016481
UK,Ronald-Hapchwarae,55429,1111905
UK,samsaBEAR,65007,1487591
UK,satanspanties,81941,1478806
UK,Scherazade,69429,1178795
UK,Skavau,64841,1142411
UK,skeletor100,64323,1167609
UK,SlyRatchet,65144,1335255
UK,specofdust,100967,2011925
UK,Speech500,103630,1674497
US,10art1,95640,1464222
US,19djafoij02,58181,1142417
US,4ringcircus,85814,1076340
US,7LeagueBoots,66921,1424808
US,aaronwhite1786,76876,1359800
US,acog,110079,2000273
US,adlerchen,85294,1620512
US,AdmiralAkbar1,92331,1540962
US,Afflo,52208,1023039
US,aidrocsid,80582,1380857
US,alephnul,87330,1300110
US,alexanderwales,97108,2232792
US,amaefm,64695,1056908
US,amaxen,89173,1782438
US,Ameisen,91723,1679850
US,andrewsmith1986,170133,1700665
US,AnotherSmegHead,69066,1010398
US,Arguss,59373,1346939
US,at132pm,54290,1031859
US,atomic1fire,93330,2045959
US,auryn0151,93887,1603851
US,baalroo,69725,1393747
US,bearsnchairs,83829,1326929
US,ben1204,87830,1306198
US,berlin-calling,76654,1102518
US,bigkr88,50326,1135760
US,BlueShellOP,59860,1016068
US,bluthru,73870,1029584
US,BoilerButtSlut,62052,1159325
US,Bossman1086,133133,1650731
US,candre23,66233,1245907
US,ChiliFlake,99735,1645266
US,christ0ph,203224,4280520
US,cometparty,122456,1523261
US,Conchobair,106731,1575752
US,CookieMan0,95508,1300002
US,CupBeEmpty,139510,2233583
US,Cyberhwk,101566,1568791
US,Cyrius,94126,1431959
US,dalkon,61835,1452174
US,dart200,80205,1330676
US,darthhayek,159891,2956149
US,davidreiss666,137871,2223254
US,daychilde,86023,1369395
US,dcman00000,52014,1055149
US,DCMurphy,108327,1693653
US,ddxxdd,58846,1217667
US,______DEADPOOL______,105928,1230844
US,Dear_Occupant,127806,2408533
US,DejaBoo,64979,1266951
US,Demonweed,97517,2244176
US,designgoddess,112176,1372680
US,deuteros,89099,1445131
US,dietotaku,203243,4417185
US,DisregardMyPants,79007,1380584
US,DJWalnut,90067,1276870
US,EbilSmurfs,59824,1218223
US,EditorialComplex,125713,1995574
US,eighthgear,103655,2028792
US,Elided_Ego,98815,1461618
US,elos_,105934,2191887
US,emkay99,123711,2177554
US,empw,82793,1046802
US,etalasi,43056,1045199
US,FANGO,135091,2734310
US,FireReadyAim,55824,1001484
US,flyonawall,68760,1101460
US,Fortehlulz33,75276,1027737
US,fr-josh,86844,1190900
US,funkalunatic,64814,1195794
US,gAlienLifeform,53910,1455476
US,GetOffMyLawn_,119858,1655485
US,gingerkid1234,137401,2718254
US,godofallcows,76774,1082021
US,Gr1pp717,82286,1282148
US,Guygan,268492,4419689
US,halfar,81535,1312095
US,Hamakua,76476,1589555
US,hankbaumbach,83546,1940571
US,hrbuchanan,44869,1084251
US,Hungry_Lion,98431,1490148
US,iamPause,72136,1134312
US,IIHURRlCANEII,88428,1153750
US,Impune,56626,1052649
US,Independent,132579,2608555
US,InfanticideAquifer,126451,1985741
US,itsme_timd,59942,1123329
US,ItsPronouncedMo-BEEL,74734,1061569
US,JamesColesPardon,82271,1218347
US,janethefish,79921,1126278
US,jaxspider,143084,1645938
US,jayman419,198375,3665933
US,Jdog2010,62572,1077915
US,JimboLodisC,118563,3350940
US,KaliYugaz,90460,1948900
US,kaztrator,73117,1234994
US,keiyakins,90646,1331650
US,Kinmuan,97928,1633778
US,komnenos,68193,1304123
US,kupovi,92057,1100924
US,Law_Student,72415,1433988
US,letsgoiowa,104027,1399666
US,lolmonger,170071,4071134
US,lordderplythethird,122459,2780880
US,Luminaria19,74652,1364757
US,MightierThanThou,67822,1376027
US,Moruitelda,243688,3943042
US,MrDanger,82784,1087617
US,MrDannyOcean,69544,1248922
US,mst3kcrow,61194,1074529
US,Nestledrink,66844,1115354
US,Niehaus,46383,1900500
US,nixonrichard,305810,5235920
US,nliausacmmv,75813,1175185
US,noeatnosleep,173453,3074328
US,noelsusman,90285,1525250
US,Nokel,50353,1032374
US,non-rhetorical,76184,1010001
US,nounhud,55108,1298584
US,ocdscale,113318,1925943
US,Odusei,102712,1786237
US,Ohuma,89760,1346575
US,Osiris32,284160,4515051
US,owlbi,57265,1198906
US,Pariahdog119,64992,1145147
US,peppermint-kiss,54888,1125854
US,pillbinge,77244,1273347
US,Plowbeast,58535,1436140
US,poptart2nd,87702,1472842
US,PraiseBeToScience,86739,1582921
US,ProjectShamrock,58541,1364436
US,razorbeamz,90464,1458865
US,R_B_Kazenzakis,56785,1121954
US,rcglinsk,151310,2634078
US,reboticon,71453,1218879
US,recreational,65110,1337665
US,rednoise,93228,1687637
US,Re_Re_Think,52621,1547428
US,ricodued,81955,1136510
US,Rpizza,93090,1062366
US,RsonW,73385,1090374
US,rtechie1,122079,2083325
US,RushofBlood52,88204,1287556
US,savoytruffle,174414,2410260
US,SeeShark,67942,1032469
US,serpentjaguar,62534,1408642
US,SexyMrSkeltal,46309,1015490
US,SgtBrowncoat,51420,1002659
US,shoryukenist,77313,1048521
US,Shotgun_Sentinel,111427,2001613
US,SilasX,80022,1492589
US,slapchopsuey,46352,1219962
US,SolidBlues,74338,1409532
US,somewhat_pragmatic,58398,1057224
US,sorator,83474,1779461
US,Spartan448,87635,1897274
US,Stalked_Like_Corn,170110,2612990
US,stuthulhu,97139,1854330
US,sylban,233260,4296121
US,tathougies,52707,1037346
US,tau-lepton,157233,2404369
US,tehbored,106578,1509520
US,thabe331,92997,1219744
US,thebornotaku,68652,1210258
US,The_Mermaid,113955,1854580
US,TheNaughtyMonkey,83556,1138721
US,theorymeltfool,173848,2937832
US,TheRighteousTyrant,70096,1118931
US,thewimsey,69814,1333076
US,ThinkMinty,92716,1379669
US,thisisATHENS,74881,1009764
US,TMWNN,114798,2678365
US,ucstruct,62315,1213430
US,UnbiasedPashtun,69316,1190005
US,UncleSneakyFingers,66489,1016260
US,urfaselol,88847,1076688
US,uzimonkey,83707,1387694
US,valadian,73103,1109829
US,vokegaf,103981,2312827
US,Volsunga,58046,1111454
US,vonmonologue,75978,1309632
US,Vsx,62863,1020981
US,vtjohnhurt,63831,1081355
US,wadcann,134413,3292450
US,_watching,68392,1408941
US,WellHeresMyFourthAcc,68637,1324003
US,whatthefuckguys,74880,1089041
US,Wheezin_Ed,62146,1063690
US,whubbard,85127,1230228
US,Xalteox,61206,1149828
US,Xanza,61155,1004973
US,yep45,65964,1120807
US,yrulaughing,62696,1041226
US,Yuli-Ban,73576,1271457
US,ZadocPaet,231621,4126694
US,Zen_Drifter,57412,1198146
