Country, UserName, sentences#, tokens#
UK,Lolworth,128083,1610211
UK,jesse9o3,54211,1019647
US,funkalunatic,64814,1195794
UK,cbfw86,105883,1411945
US,DejaBoo,64979,1266951
Ireland,Bridgeru,41443,1105832
UK,Clbull,166988,3377144
Australia,JediCapitalist,67724,1094078
Ireland,ridik_ulass,60543,1463249
US,Plowbeast,58535,1436140
US,FireReadyAim,55824,1001484
US,bluthru,73870,1029584
UK,IntellegentIdiot,90376,1584098
US,nixonrichard,305810,5235920
UK,bobcobble,64951,1234105
Canada,mikemcg,86511,1261397
Canada,lynnangel,75446,1198020
US,Hungry_Lion,98431,1490148
US,GetOffMyLawn_,119858,1655485
US,SexyMrSkeltal,46309,1015490
Canada,fernguts,106292,1572527
US,4ringcircus,85814,1076340
US,Demonweed,97517,2244176
US,aaronwhite1786,76876,1359800
US,EbilSmurfs,59824,1218223
US,Xanza,61155,1004973
US,halfar,81535,1312095
Australia,Zouden,87115,1263994
UK,CaffeinatedT,65067,1441012
US,BoilerButtSlut,62052,1159325
US,AdmiralAkbar1,92331,1540962
US,JimboLodisC,118563,3350940
UK,oh_no_aliens,90283,1213196
Ireland,GavinZac,75449,1334622
US,nliausacmmv,75813,1175185
Ireland,AtomicKoala,106223,1594814
Ireland,Chive,54524,1035271
US,RsonW,73385,1090374
UK,bottomlines,116450,1611578
US,recreational,65110,1337665
US,IIHURRlCANEII,88428,1153750
US,slapchopsuey,46352,1219962
UK,ionised,95408,1342230
US,MightierThanThou,67822,1376027
US,uzimonkey,83707,1387694
US,InfanticideAquifer,126451,1985741
UK,DEADB33F,82973,1745058
UK,ieya404,76653,2077094
US,gingerkid1234,137401,2718254
US,Yuli-Ban,73576,1271457
US,cometparty,122456,1523261
US,whatthefuckguys,74880,1089041
UK,Scherazade,69429,1178795
US,TheNaughtyMonkey,83556,1138721
US,janethefish,79921,1126278
US,Spartan448,87635,1897274
UK,Rather_Unfortunate,51123,1016481
US,Zen_Drifter,57412,1198146
Australia,mrducky78,185685,3219858
UK,erythro,128800,2424643
US,WellHeresMyFourthAcc,68637,1324003
US,10art1,95640,1464222
UK,banethesithari,53266,1275219
US,fr-josh,86844,1190900
US,BlueShellOP,59860,1016068
US,UnbiasedPashtun,69316,1190005
UK,MMSTINGRAY,133677,2820419
US,adlerchen,85294,1620512
US,auryn0151,93887,1603851
UK,Popeychops,65288,1060206
US,ItsPronouncedMo-BEEL,74734,1061569
US,hrbuchanan,44869,1084251
US,Ameisen,91723,1679850
Canada,Pocahontas_Spaceman,105346,1507389
Australia,jb2386,117535,1823234
US,designgoddess,112176,1372680
US,Afflo,52208,1023039
US,bearsnchairs,83829,1326929
US,AnotherSmegHead,69066,1010398
US,whubbard,85127,1230228
Ireland,LtLabcoat,74061,1415292
US,etalasi,43056,1045199
UK,inawordno,75397,1030468
US,deuteros,89099,1445131
US,noelsusman,90285,1525250
NewZealand,CosmicKeys,229437,6326155
Canada,exasperation,75909,1514652
US,tathougies,52707,1037346
US,Xalteox,61206,1149828
US,MrDannyOcean,69544,1248922
UK,canyoufeelme,60119,1294448
UK,skeletor100,64323,1167609
US,wadcann,134413,3292450
US,owlbi,57265,1198906
US,hankbaumbach,83546,1940571
US,TMWNN,114798,2678365
US,JamesColesPardon,82271,1218347
NewZealand,My_usrname_of_choice,110217,1208507
US,empw,82793,1046802
US,Hamakua,76476,1589555
US,PraiseBeToScience,86739,1582921
US,Jdog2010,62572,1077915
US,rcglinsk,151310,2634078
UK,samsaBEAR,65007,1487591
UK,DaveChild,72612,1273675
US,DJWalnut,90067,1276870
Canada,Murgie,164608,3455861
US,Bossman1086,133133,1650731
US,berlin-calling,76654,1102518
US,7LeagueBoots,66921,1424808
US,poptart2nd,87702,1472842
UK,dibblah,60520,1127200
UK,potpan0,88403,1859262
UK,BonzoTheBoss,59666,1181576
UK,Korlus,87926,2161221
US,SolidBlues,74338,1409532
US,tehbored,106578,1509520
UK,satanspanties,81941,1478806
US,theorymeltfool,173848,2937832
UK,chrisjd,49796,1248422
US,Cyrius,94126,1431959
UK,Honey_Otter,64159,1049150
US,FANGO,135091,2734310
Ireland,NinjaDiscoJesus,152035,1546499
UK,NickTM,85467,1490600
UK,CaptainCupcakez,71005,1210033
US,thabe331,92997,1219744
US,vokegaf,103981,2312827
UK,BritRedditor1,75123,1751036
US,daychilde,86023,1369395
UK,peter_j_,56443,1174295
US,candre23,66233,1245907
US,dcman00000,52014,1055149
UK,Miserygut,61588,1035246
Canada,phedre,150577,2502398
UK,concretepigeon,82240,1352272
Australia,Emperor_Mao,58840,1001152
UK,grogipher,71171,1126604
US,noeatnosleep,173453,3074328
US,reboticon,71453,1218879
US,Odusei,102712,1786237
US,ben1204,87830,1306198
Canada,kent_eh,117015,1890332
UK,collinsl02,55741,1296806
US,Kinmuan,97928,1633778
UK,michaelnoir,101866,1865455
Canada,mwmwmwmwmmdw,67659,1183106
UK,letsgocrazy,106258,1867240
UK,Halk,84364,1499178
US,ChiliFlake,99735,1645266
US,Wheezin_Ed,62146,1063690
US,Shotgun_Sentinel,111427,2001613
UK,Geosaurusrex,88853,1146677
Canada,Spoonfeedme,79535,1495798
Ireland,Cyridius,76597,1368346
US,RushofBlood52,88204,1287556
US,MrDanger,82784,1087617
UK,Speech500,103630,1674497
Ireland,eoinster,45494,1137091
Canada,TikiTDO,58012,1238498
US,eighthgear,103655,2028792
Australia,sellyme,65063,1337812
Canada,themusicgod1,50466,1009254
US,kupovi,92057,1100924
US,SilasX,80022,1492589
US,serpentjaguar,62534,1408642
UK,chowieuk,63550,1102417
UK,Aleitheo,115959,2412162
